<?xml version="1.0" encoding="UTF-8"?>
<project-private xmlns="http://www.netbeans.org/ns/project-private/1">
    <editor-bookmarks xmlns="http://www.netbeans.org/ns/editor-bookmarks/2" lastBookmarkId="0"/>
    <open-files xmlns="http://www.netbeans.org/ns/projectui-open-files/2">
        <group>
            <file>file:/C:/Users/Lenovo/OneDrive/Dokumen/NetBeansProjects/POSKasirApp/src/poskasirapp/POSKasirApp.java</file>
            <file>file:/C:/Users/Lenovo/OneDrive/Dokumen/NetBeansProjects/POSKasirApp/src/Util/DBConnection.java</file>
            <file>file:/C:/Users/Lenovo/OneDrive/Dokumen/NetBeansProjects/POSKasirApp/src/Ui/PosFrame.java</file>
            <file>file:/C:/Users/Lenovo/OneDrive/Dokumen/NetBeansProjects/POSKasirApp/src/Ui/PosMain.java</file>
            <file>file:/C:/Users/Lenovo/OneDrive/Dokumen/NetBeansProjects/POSKasirApp/src/Service/Service.java</file>
            <file>file:/C:/Users/Lenovo/OneDrive/Dokumen/NetBeansProjects/POSKasirApp/src/Model/Product.java</file>
            <file>file:/C:/Users/Lenovo/OneDrive/Dokumen/NetBeansProjects/POSKasirApp/src/Model/TransactionItem.java</file>
            <file>file:/C:/Users/Lenovo/OneDrive/Dokumen/NetBeansProjects/POSKasirApp/src/Dao/ProductDao.java</file>
            <file>file:/C:/Users/Lenovo/OneDrive/Dokumen/NetBeansProjects/POSKasirApp/src/Dao/TransaksiDao.java</file>
            <file>file:/C:/Users/Lenovo/OneDrive/Dokumen/NetBeansProjects/POSKasirApp/src/Ui/MainGui.java</file>
            <file>file:/C:/Users/Lenovo/OneDrive/Dokumen/NetBeansProjects/POSKasirApp/src/Ui/LoginFrame.java</file>
            <file>file:/C:/Users/Lenovo/OneDrive/Dokumen/NetBeansProjects/POSKasirApp/src/Model/User.java</file>
            <file>file:/C:/Users/Lenovo/OneDrive/Dokumen/NetBeansProjects/POSKasirApp/src/Dao/UserDao.java</file>
        </group>
    </open-files>
</project-private>
